insert into post(id, title, content, created) values (1, 'Test post 1', 'Content 1', '2023-05-09T11:05:46.804271200');
insert into post(id, title, content, created) values (2, 'Test post 2', 'Content 2', '2023-05-10T11:05:46.805269200');
insert into post(id, title, content, created) values (3, 'Test post 3', 'Content 3', '2023-05-11T11:05:46.805269200');
insert into post(id, title, content, created) values (4, 'Test post 4', 'Content 4', '2023-05-12T11:05:46.805269200');
insert into post(id, title, content, created) values (5, 'Test post 5', 'Content 5', '2023-05-13T11:05:46.805269200');
insert into post(id, title, content, created) values (6, 'Test post 6', 'Content 6', '2023-05-14T11:05:46.805269200');
insert into post(id, title, content, created) values (7, 'Test post 7', 'Content 7', '2023-05-15T11:05:46.806264');
insert into post(id, title, content, created) values (8, 'Test post 8', 'Content 8', '2023-05-16T11:05:46.806264');
insert into post(id, title, content, created) values (9, 'Test post 9', 'Content 9', '2023-05-17T11:05:46.806264');
insert into post(id, title, content, created) values (10, 'Test post 10', 'Content 10', '2023-05-18T11:05:46.806264');
insert into post(id, title, content, created) values (11, 'Test post 11', 'Content 11', '2023-05-19T11:05:46.806264');
insert into post(id, title, content, created) values (12, 'Test post 12', 'Content 12', '2023-05-20T11:05:46.806264');
insert into post(id, title, content, created) values (13, 'Test post 13', 'Content 13', '2023-05-21T11:05:46.806264');
insert into post(id, title, content, created) values (14, 'Test post 14', 'Content 14', '2023-05-22T11:05:46.807261700');
insert into post(id, title, content, created) values (15, 'Test post 15', 'Content 15', '2023-05-23T11:05:46.807261700');
insert into post(id, title, content, created) values (16, 'Test post 16', 'Content 16', '2023-05-24T11:05:46.807261700');
insert into post(id, title, content, created) values (17, 'Test post 17', 'Content 17', '2023-05-25T11:05:46.807261700');
insert into post(id, title, content, created) values (18, 'Test post 18', 'Content 18', '2023-05-26T11:05:46.807261700');
insert into post(id, title, content, created) values (19, 'Test post 19', 'Content 19', '2023-05-27T11:05:46.807261700');
insert into post(id, title, content, created) values (20, 'Test post 20', 'Content 20', '2023-05-28T11:05:46.808260700');
insert into post(id, title, content, created) values (21, 'Test post 21', 'Content 21', '2023-05-29T11:05:46.808260700');
insert into post(id, title, content, created) values (22, 'Test post 22', 'Content 22', '2023-05-30T11:05:46.808260700');
insert into post(id, title, content, created) values (23, 'Test post 23', 'Content 23', '2023-05-31T11:05:46.808260700');
insert into post(id, title, content, created) values (24, 'Test post 24', 'Content 24', '2023-06-01T11:05:46.808260700');
insert into post(id, title, content, created) values (25, 'Test post 25', 'Content 25', '2023-06-02T11:05:46.808260700');
insert into post(id, title, content, created) values (26, 'Test post 26', 'Content 26', '2023-06-03T11:05:46.809257500');
insert into post(id, title, content, created) values (27, 'Test post 27', 'Content 27', '2023-06-04T11:05:46.809257500');
insert into post(id, title, content, created) values (28, 'Test post 28', 'Content 28', '2023-06-05T11:05:46.809257500');
insert into post(id, title, content, created) values (29, 'Test post 29', 'Content 29', '2023-06-06T11:05:46.809257500');
insert into post(id, title, content, created) values (30, 'Test post 30', 'Content 30', '2023-06-07T11:05:46.809257500');
insert into post(id, title, content, created) values (31, 'Test post 31', 'Content 31', '2023-06-08T11:05:46.809257500');
insert into post(id, title, content, created) values (32, 'Test post 32', 'Content 32', '2023-06-09T11:05:46.809257500');
insert into post(id, title, content, created) values (33, 'Test post 33', 'Content 33', '2023-06-10T11:05:46.810254800');
insert into post(id, title, content, created) values (34, 'Test post 34', 'Content 34', '2023-06-11T11:05:46.810254800');
insert into post(id, title, content, created) values (35, 'Test post 35', 'Content 35', '2023-06-12T11:05:46.810254800');
insert into post(id, title, content, created) values (36, 'Test post 36', 'Content 36', '2023-06-13T11:05:46.810254800');
insert into post(id, title, content, created) values (37, 'Test post 37', 'Content 37', '2023-06-14T11:05:46.810254800');
insert into post(id, title, content, created) values (38, 'Test post 38', 'Content 38', '2023-06-15T11:05:46.810254800');
insert into post(id, title, content, created) values (39, 'Test post 39', 'Content 39', '2023-06-16T11:05:46.811251600');
insert into post(id, title, content, created) values (40, 'Test post 40', 'Content 40', '2023-06-17T11:05:46.811251600');
insert into post(id, title, content, created) values (41, 'Test post 41', 'Content 41', '2023-06-18T11:05:46.811251600');
insert into post(id, title, content, created) values (42, 'Test post 42', 'Content 42', '2023-06-19T11:05:46.811251600');
insert into post(id, title, content, created) values (43, 'Test post 43', 'Content 43', '2023-06-20T11:05:46.811251600');
insert into post(id, title, content, created) values (44, 'Test post 44', 'Content 44', '2023-06-21T11:05:46.811251600');
insert into post(id, title, content, created) values (45, 'Test post 45', 'Content 45', '2023-06-22T11:05:46.811251600');
insert into post(id, title, content, created) values (46, 'Test post 46', 'Content 46', '2023-06-23T11:05:46.812249800');
insert into post(id, title, content, created) values (47, 'Test post 47', 'Content 47', '2023-06-24T11:05:46.812249800');
insert into post(id, title, content, created) values (48, 'Test post 48', 'Content 48', '2023-06-25T11:05:46.812249800');
insert into post(id, title, content, created) values (49, 'Test post 49', 'Content 49', '2023-06-26T11:05:46.812249800');
insert into post(id, title, content, created) values (50, 'Test post 50', 'Content 50', '2023-06-27T11:05:46.812813800');
insert into post(id, title, content, created) values (51, 'Test post 51', 'Content 51', '2023-06-28T11:05:46.812813800');
insert into post(id, title, content, created) values (52, 'Test post 52', 'Content 52', '2023-06-29T11:05:46.812813800');
insert into post(id, title, content, created) values (53, 'Test post 53', 'Content 53', '2023-06-30T11:05:46.812813800');
insert into post(id, title, content, created) values (54, 'Test post 54', 'Content 54', '2023-07-01T11:05:46.812813800');
insert into post(id, title, content, created) values (55, 'Test post 55', 'Content 55', '2023-07-02T11:05:46.812813800');
insert into post(id, title, content, created) values (56, 'Test post 56', 'Content 56', '2023-07-03T11:05:46.813619900');
insert into post(id, title, content, created) values (57, 'Test post 57', 'Content 57', '2023-07-04T11:05:46.813806400');
insert into post(id, title, content, created) values (58, 'Test post 58', 'Content 58', '2023-07-05T11:05:46.813806400');
insert into post(id, title, content, created) values (59, 'Test post 59', 'Content 59', '2023-07-06T11:05:46.813806400');
insert into post(id, title, content, created) values (60, 'Test post 60', 'Content 60', '2023-07-07T11:05:46.813806400');
insert into post(id, title, content, created) values (61, 'Test post 61', 'Content 61', '2023-07-08T11:05:46.813806400');
insert into post(id, title, content, created) values (62, 'Test post 62', 'Content 62', '2023-07-09T11:05:46.813806400');
insert into post(id, title, content, created) values (63, 'Test post 63', 'Content 63', '2023-07-10T11:05:46.814803600');
insert into post(id, title, content, created) values (64, 'Test post 64', 'Content 64', '2023-07-11T11:05:46.814803600');
insert into post(id, title, content, created) values (65, 'Test post 65', 'Content 65', '2023-07-12T11:05:46.814803600');
insert into post(id, title, content, created) values (66, 'Test post 66', 'Content 66', '2023-07-13T11:05:46.814803600');
insert into post(id, title, content, created) values (67, 'Test post 67', 'Content 67', '2023-07-14T11:05:46.814803600');
insert into post(id, title, content, created) values (68, 'Test post 68', 'Content 68', '2023-07-15T11:05:46.814803600');
insert into post(id, title, content, created) values (69, 'Test post 69', 'Content 69', '2023-07-16T11:05:46.815801200');
insert into post(id, title, content, created) values (70, 'Test post 70', 'Content 70', '2023-07-17T11:05:46.815801200');
insert into post(id, title, content, created) values (71, 'Test post 71', 'Content 71', '2023-07-18T11:05:46.815801200');
insert into post(id, title, content, created) values (72, 'Test post 72', 'Content 72', '2023-07-19T11:05:46.815801200');
insert into post(id, title, content, created) values (73, 'Test post 73', 'Content 73', '2023-07-20T11:05:46.815801200');
insert into post(id, title, content, created) values (74, 'Test post 74', 'Content 74', '2023-07-21T11:05:46.815801200');
insert into post(id, title, content, created) values (75, 'Test post 75', 'Content 75', '2023-07-22T11:05:46.816797400');
insert into post(id, title, content, created) values (76, 'Test post 76', 'Content 76', '2023-07-23T11:05:46.816797400');
insert into post(id, title, content, created) values (77, 'Test post 77', 'Content 77', '2023-07-24T11:05:46.816797400');
insert into post(id, title, content, created) values (78, 'Test post 78', 'Content 78', '2023-07-25T11:05:46.816797400');
insert into post(id, title, content, created) values (79, 'Test post 79', 'Content 79', '2023-07-26T11:05:46.816797400');
insert into post(id, title, content, created) values (80, 'Test post 80', 'Content 80', '2023-07-27T11:05:46.817795700');
insert into post(id, title, content, created) values (81, 'Test post 81', 'Content 81', '2023-07-28T11:05:46.817795700');
insert into post(id, title, content, created) values (82, 'Test post 82', 'Content 82', '2023-07-29T11:05:46.817795700');
insert into post(id, title, content, created) values (83, 'Test post 83', 'Content 83', '2023-07-30T11:05:46.817795700');
insert into post(id, title, content, created) values (84, 'Test post 84', 'Content 84', '2023-07-31T11:05:46.817795700');
insert into post(id, title, content, created) values (85, 'Test post 85', 'Content 85', '2023-08-01T11:05:46.817795700');
insert into post(id, title, content, created) values (86, 'Test post 86', 'Content 86', '2023-08-02T11:05:46.817795700');
insert into post(id, title, content, created) values (87, 'Test post 87', 'Content 87', '2023-08-03T11:05:46.818792');
insert into post(id, title, content, created) values (88, 'Test post 88', 'Content 88', '2023-08-04T11:05:46.818792');
insert into post(id, title, content, created) values (89, 'Test post 89', 'Content 89', '2023-08-05T11:05:46.818792');
insert into post(id, title, content, created) values (90, 'Test post 90', 'Content 90', '2023-08-06T11:05:46.818792');
insert into post(id, title, content, created) values (91, 'Test post 91', 'Content 91', '2023-08-07T11:05:46.818792');
insert into post(id, title, content, created) values (92, 'Test post 92', 'Content 92', '2023-08-08T11:05:46.818792');
insert into post(id, title, content, created) values (93, 'Test post 93', 'Content 93', '2023-08-09T11:05:46.818792');
insert into post(id, title, content, created) values (94, 'Test post 94', 'Content 94', '2023-08-10T11:05:46.818792');
insert into post(id, title, content, created) values (95, 'Test post 95', 'Content 95', '2023-08-11T11:05:46.819789600');
insert into post(id, title, content, created) values (96, 'Test post 96', 'Content 96', '2023-08-12T11:05:46.819789600');
insert into post(id, title, content, created) values (97, 'Test post 97', 'Content 97', '2023-08-13T11:05:46.819789600');
insert into post(id, title, content, created) values (98, 'Test post 98', 'Content 98', '2023-08-14T11:05:46.819789600');
insert into post(id, title, content, created) values (99, 'Test post 99', 'Content 99', '2023-08-15T11:05:46.819789600');
insert into post(id, title, content, created) values (100, 'Test post 100', 'Content 100', '2023-08-16T11:05:46.819789600');
insert into comment(id,post_id, content, created) values (1, 1, 'Content 1', '2023-05-09T11:05:46.820787400');
insert into comment(id,post_id, content, created) values (2, 1, 'Content 2', '2023-05-10T11:05:46.820787400');
insert into comment(id,post_id, content, created) values (3, 1, 'Content 3', '2023-05-11T11:05:46.820787400');
insert into comment(id,post_id, content, created) values (4, 1, 'Content 4', '2023-05-12T11:05:46.820787400');
insert into comment(id,post_id, content, created) values (5, 1, 'Content 5', '2023-05-13T11:05:46.820787400');
insert into comment(id,post_id, content, created) values (6, 1, 'Content 6', '2023-05-14T11:05:46.821785300');
insert into comment(id,post_id, content, created) values (7, 1, 'Content 7', '2023-05-15T11:05:46.821785300');
insert into comment(id,post_id, content, created) values (8, 1, 'Content 8', '2023-05-16T11:05:46.821785300');
insert into comment(id,post_id, content, created) values (9, 1, 'Content 9', '2023-05-17T11:05:46.821785300');
insert into comment(id,post_id, content, created) values (10, 2, 'Content 10', '2023-05-18T11:05:46.821785300');
insert into comment(id,post_id, content, created) values (11, 2, 'Content 11', '2023-05-19T11:05:46.821785300');
insert into comment(id,post_id, content, created) values (12, 2, 'Content 12', '2023-05-20T11:05:46.821785300');
insert into comment(id,post_id, content, created) values (13, 2, 'Content 13', '2023-05-21T11:05:46.822781300');
insert into comment(id,post_id, content, created) values (14, 2, 'Content 14', '2023-05-22T11:05:46.822781300');
insert into comment(id,post_id, content, created) values (15, 2, 'Content 15', '2023-05-23T11:05:46.822781300');
insert into comment(id,post_id, content, created) values (16, 2, 'Content 16', '2023-05-24T11:05:46.822781300');
insert into comment(id,post_id, content, created) values (17, 2, 'Content 17', '2023-05-25T11:05:46.823582800');
insert into comment(id,post_id, content, created) values (18, 2, 'Content 18', '2023-05-26T11:05:46.823582800');
insert into comment(id,post_id, content, created) values (19, 2, 'Content 19', '2023-05-27T11:05:46.823582800');
insert into comment(id,post_id, content, created) values (20, 3, 'Content 20', '2023-05-28T11:05:46.823582800');
insert into comment(id,post_id, content, created) values (21, 3, 'Content 21', '2023-05-29T11:05:46.823582800');
insert into comment(id,post_id, content, created) values (22, 3, 'Content 22', '2023-05-30T11:05:46.823582800');
insert into comment(id,post_id, content, created) values (23, 3, 'Content 23', '2023-05-31T11:05:46.823582800');
insert into comment(id,post_id, content, created) values (24, 3, 'Content 24', '2023-06-01T11:05:46.824578');
insert into comment(id,post_id, content, created) values (25, 3, 'Content 25', '2023-06-02T11:05:46.824578');
insert into comment(id,post_id, content, created) values (26, 3, 'Content 26', '2023-06-03T11:05:46.824578');
insert into comment(id,post_id, content, created) values (27, 3, 'Content 27', '2023-06-04T11:05:46.824578');
insert into comment(id,post_id, content, created) values (28, 3, 'Content 28', '2023-06-05T11:05:46.824578');
insert into comment(id,post_id, content, created) values (29, 3, 'Content 29', '2023-06-06T11:05:46.824578');
insert into comment(id,post_id, content, created) values (30, 4, 'Content 30', '2023-06-07T11:05:46.825574500');
insert into comment(id,post_id, content, created) values (31, 4, 'Content 31', '2023-06-08T11:05:46.825574500');
insert into comment(id,post_id, content, created) values (32, 4, 'Content 32', '2023-06-09T11:05:46.825574500');
insert into comment(id,post_id, content, created) values (33, 4, 'Content 33', '2023-06-10T11:05:46.825574500');
insert into comment(id,post_id, content, created) values (34, 4, 'Content 34', '2023-06-11T11:05:46.825574500');
insert into comment(id,post_id, content, created) values (35, 4, 'Content 35', '2023-06-12T11:05:46.825574500');
insert into comment(id,post_id, content, created) values (36, 4, 'Content 36', '2023-06-13T11:05:46.825574500');
insert into comment(id,post_id, content, created) values (37, 4, 'Content 37', '2023-06-14T11:05:46.826571800');
insert into comment(id,post_id, content, created) values (38, 4, 'Content 38', '2023-06-15T11:05:46.826571800');
insert into comment(id,post_id, content, created) values (39, 4, 'Content 39', '2023-06-16T11:05:46.826571800');
insert into comment(id,post_id, content, created) values (40, 5, 'Content 40', '2023-06-17T11:05:46.826571800');
insert into comment(id,post_id, content, created) values (41, 5, 'Content 41', '2023-06-18T11:05:46.826571800');
insert into comment(id,post_id, content, created) values (42, 5, 'Content 42', '2023-06-19T11:05:46.826571800');
insert into comment(id,post_id, content, created) values (43, 5, 'Content 43', '2023-06-20T11:05:46.826571800');
insert into comment(id,post_id, content, created) values (44, 5, 'Content 44', '2023-06-21T11:05:46.827569300');
insert into comment(id,post_id, content, created) values (45, 5, 'Content 45', '2023-06-22T11:05:46.827569300');
insert into comment(id,post_id, content, created) values (46, 5, 'Content 46', '2023-06-23T11:05:46.827569300');
insert into comment(id,post_id, content, created) values (47, 5, 'Content 47', '2023-06-24T11:05:46.827569300');
insert into comment(id,post_id, content, created) values (48, 5, 'Content 48', '2023-06-25T11:05:46.827569300');
insert into comment(id,post_id, content, created) values (49, 5, 'Content 49', '2023-06-26T11:05:46.827569300');
insert into comment(id,post_id, content, created) values (50, 6, 'Content 50', '2023-06-27T11:05:46.827569300');
insert into comment(id,post_id, content, created) values (51, 6, 'Content 51', '2023-06-28T11:05:46.828566300');
insert into comment(id,post_id, content, created) values (52, 6, 'Content 52', '2023-06-29T11:05:46.828566300');
insert into comment(id,post_id, content, created) values (53, 6, 'Content 53', '2023-06-30T11:05:46.828566300');
insert into comment(id,post_id, content, created) values (54, 6, 'Content 54', '2023-07-01T11:05:46.828566300');
insert into comment(id,post_id, content, created) values (55, 6, 'Content 55', '2023-07-02T11:05:46.828566300');
insert into comment(id,post_id, content, created) values (56, 6, 'Content 56', '2023-07-03T11:05:46.828566300');
insert into comment(id,post_id, content, created) values (57, 6, 'Content 57', '2023-07-04T11:05:46.828566300');
insert into comment(id,post_id, content, created) values (58, 6, 'Content 58', '2023-07-05T11:05:46.829563700');
insert into comment(id,post_id, content, created) values (59, 6, 'Content 59', '2023-07-06T11:05:46.829563700');
insert into comment(id,post_id, content, created) values (60, 7, 'Content 60', '2023-07-07T11:05:46.829563700');
insert into comment(id,post_id, content, created) values (61, 7, 'Content 61', '2023-07-08T11:05:46.829563700');
insert into comment(id,post_id, content, created) values (62, 7, 'Content 62', '2023-07-09T11:05:46.829563700');
insert into comment(id,post_id, content, created) values (63, 7, 'Content 63', '2023-07-10T11:05:46.829563700');
insert into comment(id,post_id, content, created) values (64, 7, 'Content 64', '2023-07-11T11:05:46.829563700');
insert into comment(id,post_id, content, created) values (65, 7, 'Content 65', '2023-07-12T11:05:46.830561100');
insert into comment(id,post_id, content, created) values (66, 7, 'Content 66', '2023-07-13T11:05:46.830561100');
insert into comment(id,post_id, content, created) values (67, 7, 'Content 67', '2023-07-14T11:05:46.830561100');
insert into comment(id,post_id, content, created) values (68, 7, 'Content 68', '2023-07-15T11:05:46.830561100');
insert into comment(id,post_id, content, created) values (69, 7, 'Content 69', '2023-07-16T11:05:46.830561100');
insert into comment(id,post_id, content, created) values (70, 8, 'Content 70', '2023-07-17T11:05:46.830561100');
insert into comment(id,post_id, content, created) values (71, 8, 'Content 71', '2023-07-18T11:05:46.831559300');
insert into comment(id,post_id, content, created) values (72, 8, 'Content 72', '2023-07-19T11:05:46.831559300');
insert into comment(id,post_id, content, created) values (73, 8, 'Content 73', '2023-07-20T11:05:46.831559300');
insert into comment(id,post_id, content, created) values (74, 8, 'Content 74', '2023-07-21T11:05:46.831559300');
insert into comment(id,post_id, content, created) values (75, 8, 'Content 75', '2023-07-22T11:05:46.831559300');
insert into comment(id,post_id, content, created) values (76, 8, 'Content 76', '2023-07-23T11:05:46.831559300');
insert into comment(id,post_id, content, created) values (77, 8, 'Content 77', '2023-07-24T11:05:46.832555700');
insert into comment(id,post_id, content, created) values (78, 8, 'Content 78', '2023-07-25T11:05:46.832555700');
insert into comment(id,post_id, content, created) values (79, 8, 'Content 79', '2023-07-26T11:05:46.832555700');
insert into comment(id,post_id, content, created) values (80, 9, 'Content 80', '2023-07-27T11:05:46.832555700');
insert into comment(id,post_id, content, created) values (81, 9, 'Content 81', '2023-07-28T11:05:46.832555700');
insert into comment(id,post_id, content, created) values (82, 9, 'Content 82', '2023-07-29T11:05:46.833553');
insert into comment(id,post_id, content, created) values (83, 9, 'Content 83', '2023-07-30T11:05:46.833553');
insert into comment(id,post_id, content, created) values (84, 9, 'Content 84', '2023-07-31T11:05:46.833553');
insert into comment(id,post_id, content, created) values (85, 9, 'Content 85', '2023-08-01T11:05:46.833553');
insert into comment(id,post_id, content, created) values (86, 9, 'Content 86', '2023-08-02T11:05:46.833553');
insert into comment(id,post_id, content, created) values (87, 9, 'Content 87', '2023-08-03T11:05:46.833553');
insert into comment(id,post_id, content, created) values (88, 9, 'Content 88', '2023-08-04T11:05:46.834550400');
insert into comment(id,post_id, content, created) values (89, 9, 'Content 89', '2023-08-05T11:05:46.834550400');
insert into comment(id,post_id, content, created) values (90, 10, 'Content 90', '2023-08-06T11:05:46.834550400');
insert into comment(id,post_id, content, created) values (91, 10, 'Content 91', '2023-08-07T11:05:46.834550400');
insert into comment(id,post_id, content, created) values (92, 10, 'Content 92', '2023-08-08T11:05:46.834550400');
insert into comment(id,post_id, content, created) values (93, 10, 'Content 93', '2023-08-09T11:05:46.834550400');
insert into comment(id,post_id, content, created) values (94, 10, 'Content 94', '2023-08-10T11:05:46.835548200');
insert into comment(id,post_id, content, created) values (95, 10, 'Content 95', '2023-08-11T11:05:46.835548200');
insert into comment(id,post_id, content, created) values (96, 10, 'Content 96', '2023-08-12T11:05:46.835548200');
insert into comment(id,post_id, content, created) values (97, 10, 'Content 97', '2023-08-13T11:05:46.835548200');
insert into comment(id,post_id, content, created) values (98, 10, 'Content 98', '2023-08-14T11:05:46.835548200');
insert into comment(id,post_id, content, created) values (99, 10, 'Content 99', '2023-08-15T11:05:46.835548200');
insert into comment(id,post_id, content, created) values (100, 11, 'Content 100', '2023-08-16T11:05:46.836545100');
insert into employee(id,name,surname,special) values (1, 'Name employee 1', 'Surname employee 1', 'Special 1');
insert into employee(id,name,surname,special) values (2, 'Name employee 2', 'Surname employee 2', 'Special 2');
insert into employee(id,name,surname,special) values (3, 'Name employee 3', 'Surname employee 3', 'Special 3');
insert into employee(id,name,surname,special) values (4, 'Name employee 4', 'Surname employee 4', 'Special 4');
insert into employee(id,name,surname,special) values (5, 'Name employee 5', 'Surname employee 5', 'Special 5');
insert into employee(id,name,surname,special) values (6, 'Name employee 6', 'Surname employee 6', 'Special 6');
insert into employee(id,name,surname,special) values (7, 'Name employee 7', 'Surname employee 7', 'Special 7');
insert into employee(id,name,surname,special) values (8, 'Name employee 8', 'Surname employee 8', 'Special 8');
insert into employee(id,name,surname,special) values (9, 'Name employee 9', 'Surname employee 9', 'Special 9');
insert into employee(id,name,surname,special) values (10, 'Name employee 10', 'Surname employee 10', 'Special 10');
insert into worker(id, name, employee_id, special) values (1,'Name worker 1' ,1, 'Special 1');
insert into worker(id, name, employee_id, special) values (2,'Name worker 2' ,1, 'Special 2');
insert into worker(id, name, employee_id, special) values (3,'Name worker 3' ,1, 'Special 3');
insert into worker(id, name, employee_id, special) values (4,'Name worker 4' ,1, 'Special 4');
insert into worker(id, name, employee_id, special) values (5,'Name worker 5' ,1, 'Special 5');
insert into worker(id, name, employee_id, special) values (6,'Name worker 6' ,1, 'Special 6');
insert into worker(id, name, employee_id, special) values (7,'Name worker 7' ,1, 'Special 7');
insert into worker(id, name, employee_id, special) values (8,'Name worker 8' ,1, 'Special 8');
insert into worker(id, name, employee_id, special) values (9,'Name worker 9' ,1, 'Special 9');
insert into worker(id, name, employee_id, special) values (10,'Name worker 10' ,2, 'Special 10');
insert into worker(id, name, employee_id, special) values (11,'Name worker 11' ,2, 'Special 11');
insert into worker(id, name, employee_id, special) values (12,'Name worker 12' ,2, 'Special 12');
insert into worker(id, name, employee_id, special) values (13,'Name worker 13' ,2, 'Special 13');
insert into worker(id, name, employee_id, special) values (14,'Name worker 14' ,2, 'Special 14');
insert into worker(id, name, employee_id, special) values (15,'Name worker 15' ,2, 'Special 15');
insert into worker(id, name, employee_id, special) values (16,'Name worker 16' ,2, 'Special 16');
insert into worker(id, name, employee_id, special) values (17,'Name worker 17' ,2, 'Special 17');
insert into worker(id, name, employee_id, special) values (18,'Name worker 18' ,2, 'Special 18');
insert into worker(id, name, employee_id, special) values (19,'Name worker 19' ,2, 'Special 19');
insert into worker(id, name, employee_id, special) values (20,'Name worker 20' ,3, 'Special 20');
insert into worker(id, name, employee_id, special) values (21,'Name worker 21' ,3, 'Special 21');
insert into worker(id, name, employee_id, special) values (22,'Name worker 22' ,3, 'Special 22');
insert into worker(id, name, employee_id, special) values (23,'Name worker 23' ,3, 'Special 23');
insert into worker(id, name, employee_id, special) values (24,'Name worker 24' ,3, 'Special 24');
insert into worker(id, name, employee_id, special) values (25,'Name worker 25' ,3, 'Special 25');
insert into worker(id, name, employee_id, special) values (26,'Name worker 26' ,3, 'Special 26');
insert into worker(id, name, employee_id, special) values (27,'Name worker 27' ,3, 'Special 27');
insert into worker(id, name, employee_id, special) values (28,'Name worker 28' ,3, 'Special 28');
insert into worker(id, name, employee_id, special) values (29,'Name worker 29' ,3, 'Special 29');
insert into worker(id, name, employee_id, special) values (30,'Name worker 30' ,4, 'Special 30');
insert into worker(id, name, employee_id, special) values (31,'Name worker 31' ,4, 'Special 31');
insert into worker(id, name, employee_id, special) values (32,'Name worker 32' ,4, 'Special 32');
insert into worker(id, name, employee_id, special) values (33,'Name worker 33' ,4, 'Special 33');
insert into worker(id, name, employee_id, special) values (34,'Name worker 34' ,4, 'Special 34');
insert into worker(id, name, employee_id, special) values (35,'Name worker 35' ,4, 'Special 35');
insert into worker(id, name, employee_id, special) values (36,'Name worker 36' ,4, 'Special 36');
insert into worker(id, name, employee_id, special) values (37,'Name worker 37' ,4, 'Special 37');
insert into worker(id, name, employee_id, special) values (38,'Name worker 38' ,4, 'Special 38');
insert into worker(id, name, employee_id, special) values (39,'Name worker 39' ,4, 'Special 39');
insert into worker(id, name, employee_id, special) values (40,'Name worker 40' ,5, 'Special 40');
insert into worker(id, name, employee_id, special) values (41,'Name worker 41' ,5, 'Special 41');
insert into worker(id, name, employee_id, special) values (42,'Name worker 42' ,5, 'Special 42');
insert into worker(id, name, employee_id, special) values (43,'Name worker 43' ,5, 'Special 43');
insert into worker(id, name, employee_id, special) values (44,'Name worker 44' ,5, 'Special 44');
insert into worker(id, name, employee_id, special) values (45,'Name worker 45' ,5, 'Special 45');
insert into worker(id, name, employee_id, special) values (46,'Name worker 46' ,5, 'Special 46');
insert into worker(id, name, employee_id, special) values (47,'Name worker 47' ,5, 'Special 47');
insert into worker(id, name, employee_id, special) values (48,'Name worker 48' ,5, 'Special 48');
insert into worker(id, name, employee_id, special) values (49,'Name worker 49' ,5, 'Special 49');
insert into worker(id, name, employee_id, special) values (50,'Name worker 50' ,6, 'Special 50');
